DELETE FROM template WHERE id=1;
INSERT INTO template (id, name, snapshot_no, status, version, create_by, create_time, modify_by, modify_time) VALUES (1, 'default-template', 'init', 1, 1, null, null, null, null);
DELETE FROM template_identifier_prop WHERE id in (1, 2, 3, 4, 5);
INSERT INTO template_identifier_prop (id, prop_name, prop_type, version) VALUES (1, 'PERSONAL', 1, null);
INSERT INTO template_identifier_prop (id, prop_name, prop_type, version) VALUES (3, 'S2', 2, null);
INSERT INTO template_identifier_prop (id, prop_name, prop_type, version) VALUES (4, 'S3', 2, null);
INSERT INTO template_identifier_prop (id, prop_name, prop_type, version) VALUES (5, 'S4', 2, null);
DELETE FROM template_identifier WHERE type in (0, 2);
INSERT INTO template_identifier (id, description, type, version, name, classification, privacy, rule, header_keywords, create_by) VALUES (1, 'AI-based identifier for detecting Chinese name. (Built-in)', 0, null, 'CN_CHINESE_NAME', 0, 1, '', '', 'SDPS');
INSERT INTO template_identifier (id, description, type, version, name, classification, privacy, rule, header_keywords, create_by) VALUES (2, 'AI-based identifier for detecting Chinese address. (Built-in)', 0, null, 'CN_ADDRESS', 0, 1, '', '', 'SDPS');
INSERT INTO template_identifier (id, description, type, version, name, classification, privacy, rule, header_keywords, create_by) VALUES (3, 'Regex-based identifier for detecting Chinese identity card Id. (Built-in)', 0, null, 'CN_IDENTITY_ID', 1, 1, '\\b([1-9]\\d{5}[12]\\d{3}(0[1-9]|1[012])(0[1-9]|[12][0-9]|3[01])\\d{3}[0-9xX])\\b', '[\"id\",\"identity\",\"identification\",\"card\",\"national\",\"身份证\",\"证件\",\"shenfenzheng\",\"zhengjian\"]', 'SDPS');
INSERT INTO template_identifier (id, description, type, version, name, classification, privacy, rule, header_keywords, create_by) VALUES (4, 'Regex-based identifier for detecting Chinese mobile phone number. (Built-in)', 0, null, 'CN_PHONE_NUMBER', 1, 1, '(?<![0-9\\)\\+-])(?:\\b|(?:\\((?:\\+|0{2})?86\\)[ -]?)|(?:(?:\\+|0{2})?86[ -]?))?1[3-9]\\d{1}-?\\d{4}-?\\d{4}\\b', '[\"phone\",\"手机\",\"座机\",\"电话\",\"联络\",\"联系\",\"shouji\",\"zuoji\",\"dianhua\",\"lianluo\",\"lianxi\",\"cell\",\"mobile\"]', 'SDPS');
INSERT INTO template_identifier (id, description, type, version, name, classification, privacy, rule, header_keywords, create_by) VALUES (5, 'Regex-based identifier for detecting Chinese passport Id. (Built-in)', 0, null, 'CN_PASSPORT_ID', 1, 1, '\\b[Ee][0-9A-Za-z]\\d{7}\\b|\\b[Ss][Ee]\\d{7}\\b|\\b[Dd][Ee]\\d{7}\\b|\\b[Pp][Ee]\\d{7}\\b|\\b[Mm][AaBb]\\d{7}\\b|\\b[KkHh][\\dJj]\\d{7}\\b', '[\"passport\",\"id\",\"护照\",\"证件\",\"huzhao\",\"zhengjian\"]', 'SDPS');
INSERT INTO template_identifier (id, description, type, version, name, classification, privacy, rule, header_keywords, create_by) VALUES (6, 'Regex-based identifier for detecting Chinese car plate license Id. (Built-in)', 0, null, 'CN_NUMBER_PLATE', 1, 1, '[京津沪渝冀豫云辽黑湘皖鲁新苏浙赣鄂桂甘晋蒙陕吉闽贵粤青藏川宁琼使领](?:(?:[ -]?[A-HJ-NP-Z])|(?:[A-HJ-NP-Z][ -]?))[A-HJ-NP-Z0-9]{4,5}(?:(?:[A-HJ-NP-Z0-9]\\b)|[挂学警港澳])', '[\"plate\",\"license\",\"车牌\",\"牌照\",\"chepai\",\"paizhao\"]', 'SDPS');
INSERT INTO template_identifier (id, description, type, version, name, classification, privacy, rule, header_keywords, create_by) VALUES (7, 'Regex-based identifier for detecting Chinese nationality (Built-in)', 0, null, 'CN_NATIONALITY', 1, 1, '(?:斐济|汤加|纽埃|坦桑尼亚|西撒哈拉|加拿大|美国|哈萨克斯坦|乌兹别克斯坦|巴布亚新几内亚|印度尼西亚|阿根廷|智利|刚果（金）|索马里|肯尼亚|苏丹|乍得|海地|多米尼加|俄罗斯|巴哈马|巴林|马尔维纳斯群岛（福克兰）|挪威|格陵兰|法属南部和南极领地|东帝汶|南非|莱索托|墨西哥|乌拉圭|巴西|玻利维亚|秘鲁|哥伦比亚|巴拿马|哥斯达黎加|尼加拉瓜|洪都拉斯|萨尔瓦多|危地马拉|伯利兹|委内瑞拉|圭亚那|苏里南|法国|安道尔|厄瓜多尔|波多黎各|牙买加|古巴|津巴布韦|博茨瓦纳|纳米比亚|塞内加尔|马里|毛里塔尼亚|贝宁|尼日尔|尼日利亚|喀麦隆|多哥|加纳|科特迪瓦|几内亚|几内亚比绍|利比里亚|塞拉利昂|布基纳法索|中非|刚果（布）|加蓬|赤道几内亚|赞比亚|马拉维|莫桑比克|斯威士兰|安哥拉|布隆迪|以色列|黎巴嫩|马达加斯加|毛里求斯|巴勒斯坦|冈比亚|突尼斯|阿尔及利亚|约旦|阿联酋|卡塔尔|科威特|伊拉克|阿曼|瓦努阿图|柬埔寨|泰国|老挝|缅甸|越南|朝鲜|韩国|蒙古|印度|孟加拉国|不丹|尼泊尔|巴基斯坦|阿富汗|塔吉克斯坦|吉尔吉斯斯坦|土库曼斯坦|伊朗|叙利亚|亚美尼亚|瑞典|白俄罗斯|乌克兰|波兰|奥地利|匈牙利|摩尔多瓦|罗马尼亚|立陶宛|拉脱维亚|爱沙尼亚|德国|保加利亚|希腊|土耳其|阿尔巴尼亚|克罗地亚|瑞士|卢森堡|比利时|荷兰|葡萄牙|西班牙|爱尔兰|新喀里多尼亚|所罗门群岛|瑙鲁|新西兰|澳大利亚|马尔代夫|斯里兰卡|中国|意大利|马耳他|丹麦|英国|冰岛|阿塞拜疆|格鲁吉亚|菲律宾|马来西亚|新加坡|文莱|斯洛文尼亚|芬兰|斯洛伐克|捷克|厄立特里亚|日本|巴拉圭|也门|沙特阿拉伯|南极洲|北塞浦路斯|塞浦路斯|摩洛哥|埃及|利比亚|埃塞俄比亚|吉布提|索马里兰|乌干达|卢旺达|波黑|北马其顿|塞尔维亚|黑山|科索沃|特立尼达和多巴哥|南苏丹)', '[\"nationality\",\"nation\",\"国籍\",\"国家\",\"guoji\",\"guojia\"]', 'SDPS');
INSERT INTO template_identifier (id, description, type, version, name, classification, privacy, rule, header_keywords, create_by) VALUES (8, 'Regex-based identifier for detecting Chinese bank card Id (Built-in)', 0, null, 'CN_BANK_CARD_NUMBER', 1, 1, '\\b(?:436|966|888|940|870|685|609|629|602|968|433|405|422|303|601|589|552|456|438|664|412|434|421|442|185|695|620|911|621|843|504|548|524|526|998|955|694|990|623|905|512|989|909|103|688|603|984|622|472|566|410|900|690|624|683|627|985|625|999|468|427|415|666|402)(\\d{9}|\\d{13}|\\d{14}|\\d{16})\\b', '[\"account\",\"bank\",\"debit\",\"账号\",\"账户\",\"卡号\",\"银行卡\",\"储蓄卡\",\"借记卡\",\"zhanghao\",\"zhanghu\",\"kahao\",\"yinhangka\",\"chuxuka\",\"jiejika\"]', 'SDPS');
INSERT INTO template_identifier (id, description, type, version, name, classification, privacy, rule, header_keywords, create_by) VALUES (9, 'Regex-based identifier for detecting Chinese landline phone number (Built-in)', 0, null, 'CN_LANDLINE_NUMBER', 1, 1, '(?<![0-9\\)\\+-])(?:(?:\\(?(?:\\+|0{2})?86[ -]?\\(?(?:(?:10)|(?:[2-9]\\d{1,2}))\\)?[ -]?)|(?:\\(0(:?(?:10)|(?:[2-9]\\d{1,2}))\\)[ -]?)|(?:0(?:(?:10)|(?:[2-9]\\d{1,2}))[ -]?))+[1-9]\\d{2,3}[ -]?\\d{4}\\b', '[\"phone\",\"手机\",\"座机\",\"电话\",\"联络\",\"联系\",\"shouji\",\"zuoji\",\"dianhua\",\"lianluo\",\"lianxi\"]', 'SDPS');
INSERT INTO template_identifier (id, description, type, version, name, classification, privacy, rule, header_keywords, create_by) VALUES (10, 'Glue identifier for detecting person name. (Built-in)', 0, null, 'PERSON_NAME', 0, 0, '', '', 'SDPS');
INSERT INTO template_identifier (id, description, type, version, name, classification, privacy, rule, header_keywords, create_by) VALUES (11, 'Glue identifier for detecting email. (Built-in)', 0, null, 'EMAIL', 0, 0, '', '', 'SDPS');
INSERT INTO template_identifier (id, description, type, version, name, classification, privacy, rule, header_keywords, create_by) VALUES (12, 'Glue identifier for detecting credit card. (Built-in)', 0, null, 'CREDIT_CARD', 0, 0, '', '', 'SDPS');
INSERT INTO template_identifier (id, description, type, version, name, classification, privacy, rule, header_keywords, create_by) VALUES (13, 'Glue identifier for detecting ip address. (Built-in)', 0, null, 'IP_ADDRESS', 0, 0, '', '', 'SDPS');
INSERT INTO template_identifier (id, description, type, version, name, classification, privacy, rule, header_keywords, create_by) VALUES (14, 'Glue identifier for detecting mac address. (Built-in)', 0, null, 'MAC_ADDRESS', 0, 0, '', '', 'SDPS');
INSERT INTO template_identifier (id, description, type, version, name, classification, privacy, rule, header_keywords, create_by) VALUES (15, 'Glue identifier for detecting phone number. (Built-in)', 0, null, 'PHONE_NUMBER', 0, 0, '', '', 'SDPS');
INSERT INTO template_identifier (id, description, type, version, name, classification, privacy, rule, header_keywords, create_by) VALUES (16, 'Glue identifier for detecting usa passport number. (Built-in)', 0, null, 'USA_PASSPORT_NUMBER', 0, 0, '', '', 'SDPS');
INSERT INTO template_identifier (id, description, type, version, name, classification, privacy, rule, header_keywords, create_by) VALUES (17, 'Glue identifier for detecting usa ssn. (Built-in)', 0, null, 'USA_SSN', 0, 0, '', '', 'SDPS');
INSERT INTO template_identifier (id, description, type, version, name, classification, privacy, rule, header_keywords, create_by) VALUES (18, 'Glue identifier for detecting usa itin. (Built-in)', 0, null, 'USA_ITIN', 0, 0, '', '', 'SDPS');
INSERT INTO template_identifier (id, description, type, version, name, classification, privacy, rule, header_keywords, create_by) VALUES (19, 'Glue identifier for detecting bank account. (Built-in)', 0, null, 'BANK_ACCOUNT', 0, 0, '', '', 'SDPS');
INSERT INTO template_identifier (id, description, type, version, name, classification, privacy, rule, header_keywords, create_by) VALUES (20, 'Glue identifier for detecting usa driving license. (Built-in)', 0, null, 'USA_DRIVING_LICENSE', 0, 0, '', '', 'SDPS');
INSERT INTO template_identifier (id, description, type, version, name, classification, privacy, rule, header_keywords, create_by) VALUES (21, 'Glue identifier for detecting usa hcpcs code. (Built-in)', 0, null, 'USA_HCPCS_CODE', 0, 0, '', '', 'SDPS');
INSERT INTO template_identifier (id, description, type, version, name, classification, privacy, rule, header_keywords, create_by) VALUES (22, 'Glue identifier for detecting usa national drug code. (Built-in)', 0, null, 'USA_NATIONAL_DRUG_CODE', 0, 0, '', '', 'SDPS');
INSERT INTO template_identifier (id, description, type, version, name, classification, privacy, rule, header_keywords, create_by) VALUES (23, 'Glue identifier for detecting usa national provider identifier. (Built-in)', 0, null, 'USA_NATIONAL_PROVIDER_IDENTIFIER', 0, 0, '', '', 'SDPS');
INSERT INTO template_identifier (id, description, type, version, name, classification, privacy, rule, header_keywords, create_by) VALUES (24, 'Glue identifier for detecting usa dea number. (Built-in)', 0, null, 'USA_DEA_NUMBER', 0, 0, '', '', 'SDPS');
INSERT INTO template_identifier (id, description, type, version, name, classification, privacy, rule, header_keywords, create_by) VALUES (25, 'Glue identifier for detecting usa health insurance claim number. (Built-in)', 0, null, 'USA_HEALTH_INSURANCE_CLAIM_NUMBER', 0, 0, '', '', 'SDPS');
INSERT INTO template_identifier (id, description, type, version, name, classification, privacy, rule, header_keywords, create_by) VALUES (26, 'Glue identifier for detecting usa medicare beneficiary identifier. (Built-in)', 0, null, 'USA_MEDICARE_BENEFICIARY_IDENTIFIER', 0, 0, '', '', 'SDPS');
INSERT INTO template_identifier (id, description, type, version, name, classification, privacy, rule, header_keywords, create_by) VALUES (27, 'Glue identifier for detecting japan bank account. (Built-in)', 0, null, 'JAPAN_BANK_ACCOUNT', 0, 0, '', '', 'SDPS');
INSERT INTO template_identifier (id, description, type, version, name, classification, privacy, rule, header_keywords, create_by) VALUES (28, 'Glue identifier for detecting japan driving license. (Built-in)', 0, null, 'JAPAN_DRIVING_LICENSE', 0, 0, '', '', 'SDPS');
INSERT INTO template_identifier (id, description, type, version, name, classification, privacy, rule, header_keywords, create_by) VALUES (29, 'Glue identifier for detecting japan my number. (Built-in)', 0, null, 'JAPAN_MY_NUMBER', 0, 0, '', '', 'SDPS');
INSERT INTO template_identifier (id, description, type, version, name, classification, privacy, rule, header_keywords, create_by) VALUES (30, 'Glue identifier for detecting japan passport number. (Built-in)', 0, null, 'JAPAN_PASSPORT_NUMBER', 0, 0, '', '', 'SDPS');
INSERT INTO template_identifier (id, description, type, version, name, classification, privacy, rule, header_keywords, create_by) VALUES (31, 'Glue identifier for detecting uk bank account. (Built-in)', 0, null, 'UK_BANK_ACCOUNT', 0, 0, '', '', 'SDPS');
INSERT INTO template_identifier (id, description, type, version, name, classification, privacy, rule, header_keywords, create_by) VALUES (32, 'Glue identifier for detecting uk bank sort code. (Built-in)', 0, null, 'UK_BANK_SORT_CODE', 0, 0, '', '', 'SDPS');
INSERT INTO template_identifier (id, description, type, version, name, classification, privacy, rule, header_keywords, create_by) VALUES (33, 'Glue identifier for detecting uk driving license. (Built-in)', 0, null, 'UK_DRIVING_LICENSE', 0, 0, '', '', 'SDPS');
INSERT INTO template_identifier (id, description, type, version, name, classification, privacy, rule, header_keywords, create_by) VALUES (34, 'Glue identifier for detecting uk electoral roll number. (Built-in)', 0, null, 'UK_ELECTORAL_ROLL_NUMBER', 0, 0, '', '', 'SDPS');
INSERT INTO template_identifier (id, description, type, version, name, classification, privacy, rule, header_keywords, create_by) VALUES (35, 'Glue identifier for detecting uk national health service number. (Built-in)', 0, null, 'UK_NATIONAL_HEALTH_SERVICE_NUMBER', 0, 0, '', '', 'SDPS');
INSERT INTO template_identifier (id, description, type, version, name, classification, privacy, rule, header_keywords, create_by) VALUES (36, 'Glue identifier for detecting uk national insurance number. (Built-in)', 0, null, 'UK_NATIONAL_INSURANCE_NUMBER', 0, 0, '', '', 'SDPS');
INSERT INTO template_identifier (id, description, type, version, name, classification, privacy, rule, header_keywords, create_by) VALUES (37, 'Glue identifier for detecting uk passport number. (Built-in)', 0, null, 'UK_PASSPORT_NUMBER', 0, 0, '', '', 'SDPS');
INSERT INTO template_identifier (id, description, type, version, name, classification, privacy, rule, header_keywords, create_by) VALUES (38, 'Glue identifier for detecting uk phone number. (Built-in)', 0, null, 'UK_PHONE_NUMBER', 0, 0, '', '', 'SDPS');
INSERT INTO template_identifier (id, description, type, version, name, classification, privacy, rule, header_keywords, create_by) VALUES (39, 'Glue identifier for detecting uk unique taxpayer reference number. (Built-in)', 0, null, 'UK_UNIQUE_TAXPAYER_REFERENCE_NUMBER', 0, 0, '', '', 'SDPS');
INSERT INTO template_identifier (id, description, type, version, name, classification, privacy, rule, header_keywords, create_by) VALUES (40, 'Glue identifier for detecting uk value added tax. (Built-in)', 0, null, 'UK_VALUE_ADDED_TAX', 0, 0, '', '', 'SDPS');
DELETE FROM template_identifier_prop_ref WHERE id < 63;
INSERT INTO template_identifier_prop_ref (id, identifier_id, prop_id) VALUES (1,1,1);
INSERT INTO template_identifier_prop_ref (id, identifier_id, prop_id) VALUES (2,2,1);
INSERT INTO template_identifier_prop_ref (id, identifier_id, prop_id) VALUES (3,3,1);
INSERT INTO template_identifier_prop_ref (id, identifier_id, prop_id) VALUES (4,4,1);
INSERT INTO template_identifier_prop_ref (id, identifier_id, prop_id) VALUES (5,5,1);
INSERT INTO template_identifier_prop_ref (id, identifier_id, prop_id) VALUES (6,6,1);
INSERT INTO template_identifier_prop_ref (id, identifier_id, prop_id) VALUES (7,7,1);
INSERT INTO template_identifier_prop_ref (id, identifier_id, prop_id) VALUES (8,8,1);
INSERT INTO template_identifier_prop_ref (id, identifier_id, prop_id) VALUES (9,9,1);
INSERT INTO template_identifier_prop_ref (id, identifier_id, prop_id) VALUES (10,1,3);
INSERT INTO template_identifier_prop_ref (id, identifier_id, prop_id) VALUES (11,2,5);
INSERT INTO template_identifier_prop_ref (id, identifier_id, prop_id) VALUES (12,3,5);
INSERT INTO template_identifier_prop_ref (id, identifier_id, prop_id) VALUES (13,4,5);
INSERT INTO template_identifier_prop_ref (id, identifier_id, prop_id) VALUES (14,5,5);
INSERT INTO template_identifier_prop_ref (id, identifier_id, prop_id) VALUES (15,6,5);
INSERT INTO template_identifier_prop_ref (id, identifier_id, prop_id) VALUES (16,7,3);
INSERT INTO template_identifier_prop_ref (id, identifier_id, prop_id) VALUES (17,8,5);
INSERT INTO template_identifier_prop_ref (id, identifier_id, prop_id) VALUES (18,9,5);
INSERT INTO template_identifier_prop_ref (id, identifier_id, prop_id) VALUES (19,10,1);
INSERT INTO template_identifier_prop_ref (id, identifier_id, prop_id) VALUES (20,11,1);
INSERT INTO template_identifier_prop_ref (id, identifier_id, prop_id) VALUES (21,12,1);
INSERT INTO template_identifier_prop_ref (id, identifier_id, prop_id) VALUES (22,13,1);
INSERT INTO template_identifier_prop_ref (id, identifier_id, prop_id) VALUES (23,14,1);
INSERT INTO template_identifier_prop_ref (id, identifier_id, prop_id) VALUES (24,15,1);
INSERT INTO template_identifier_prop_ref (id, identifier_id, prop_id) VALUES (25,16,1);
INSERT INTO template_identifier_prop_ref (id, identifier_id, prop_id) VALUES (26,17,1);
INSERT INTO template_identifier_prop_ref (id, identifier_id, prop_id) VALUES (27,18,1);
INSERT INTO template_identifier_prop_ref (id, identifier_id, prop_id) VALUES (28,19,1);
INSERT INTO template_identifier_prop_ref (id, identifier_id, prop_id) VALUES (29,20,1);
INSERT INTO template_identifier_prop_ref (id, identifier_id, prop_id) VALUES (30,21,1);
INSERT INTO template_identifier_prop_ref (id, identifier_id, prop_id) VALUES (31,22,1);
INSERT INTO template_identifier_prop_ref (id, identifier_id, prop_id) VALUES (32,23,1);
INSERT INTO template_identifier_prop_ref (id, identifier_id, prop_id) VALUES (33,24,1);
INSERT INTO template_identifier_prop_ref (id, identifier_id, prop_id) VALUES (34,25,1);
INSERT INTO template_identifier_prop_ref (id, identifier_id, prop_id) VALUES (35,26,1);
INSERT INTO template_identifier_prop_ref (id, identifier_id, prop_id) VALUES (36,27,1);
INSERT INTO template_identifier_prop_ref (id, identifier_id, prop_id) VALUES (37,28,1);
INSERT INTO template_identifier_prop_ref (id, identifier_id, prop_id) VALUES (38,29,1);
INSERT INTO template_identifier_prop_ref (id, identifier_id, prop_id) VALUES (39,30,1);
INSERT INTO template_identifier_prop_ref (id, identifier_id, prop_id) VALUES (40,31,1);
INSERT INTO template_identifier_prop_ref (id, identifier_id, prop_id) VALUES (41,32,1);
INSERT INTO template_identifier_prop_ref (id, identifier_id, prop_id) VALUES (42,33,1);
INSERT INTO template_identifier_prop_ref (id, identifier_id, prop_id) VALUES (43,34,1);
INSERT INTO template_identifier_prop_ref (id, identifier_id, prop_id) VALUES (44,35,1);
INSERT INTO template_identifier_prop_ref (id, identifier_id, prop_id) VALUES (45,36,1);
INSERT INTO template_identifier_prop_ref (id, identifier_id, prop_id) VALUES (46,37,1);
INSERT INTO template_identifier_prop_ref (id, identifier_id, prop_id) VALUES (47,38,1);
INSERT INTO template_identifier_prop_ref (id, identifier_id, prop_id) VALUES (48,39,1);
INSERT INTO template_identifier_prop_ref (id, identifier_id, prop_id) VALUES (49,40,1);
INSERT INTO template_identifier_prop_ref (id, identifier_id, prop_id) VALUES (50,10,3);
INSERT INTO template_identifier_prop_ref (id, identifier_id, prop_id) VALUES (51,11,4);
INSERT INTO template_identifier_prop_ref (id, identifier_id, prop_id) VALUES (52,12,5);
INSERT INTO template_identifier_prop_ref (id, identifier_id, prop_id) VALUES (53,13,4);
INSERT INTO template_identifier_prop_ref (id, identifier_id, prop_id) VALUES (54,14,4);
INSERT INTO template_identifier_prop_ref (id, identifier_id, prop_id) VALUES (55,15,5);
INSERT INTO template_identifier_prop_ref (id, identifier_id, prop_id) VALUES (56,16,5);
INSERT INTO template_identifier_prop_ref (id, identifier_id, prop_id) VALUES (57,17,5);
INSERT INTO template_identifier_prop_ref (id, identifier_id, prop_id) VALUES (58,18,5);
INSERT INTO template_identifier_prop_ref (id, identifier_id, prop_id) VALUES (59,19,5);
INSERT INTO template_identifier_prop_ref (id, identifier_id, prop_id) VALUES (60,20,5);
INSERT INTO template_identifier_prop_ref (id, identifier_id, prop_id) VALUES (61,21,5);
INSERT INTO template_identifier_prop_ref (id, identifier_id, prop_id) VALUES (62,22,5);
INSERT INTO template_identifier_prop_ref (id, identifier_id, prop_id) VALUES (63,23,5);
INSERT INTO template_identifier_prop_ref (id, identifier_id, prop_id) VALUES (64,24,5);
INSERT INTO template_identifier_prop_ref (id, identifier_id, prop_id) VALUES (65,25,5);
INSERT INTO template_identifier_prop_ref (id, identifier_id, prop_id) VALUES (66,26,5);
INSERT INTO template_identifier_prop_ref (id, identifier_id, prop_id) VALUES (67,27,5);
INSERT INTO template_identifier_prop_ref (id, identifier_id, prop_id) VALUES (68,28,5);
INSERT INTO template_identifier_prop_ref (id, identifier_id, prop_id) VALUES (69,29,5);
INSERT INTO template_identifier_prop_ref (id, identifier_id, prop_id) VALUES (70,30,5);
INSERT INTO template_identifier_prop_ref (id, identifier_id, prop_id) VALUES (71,31,5);
INSERT INTO template_identifier_prop_ref (id, identifier_id, prop_id) VALUES (72,32,5);
INSERT INTO template_identifier_prop_ref (id, identifier_id, prop_id) VALUES (73,33,5);
INSERT INTO template_identifier_prop_ref (id, identifier_id, prop_id) VALUES (74,34,5);
INSERT INTO template_identifier_prop_ref (id, identifier_id, prop_id) VALUES (75,35,5);
INSERT INTO template_identifier_prop_ref (id, identifier_id, prop_id) VALUES (76,36,5);
INSERT INTO template_identifier_prop_ref (id, identifier_id, prop_id) VALUES (77,37,5);
INSERT INTO template_identifier_prop_ref (id, identifier_id, prop_id) VALUES (78,38,5);
INSERT INTO template_identifier_prop_ref (id, identifier_id, prop_id) VALUES (79,39,5);
INSERT INTO template_identifier_prop_ref (id, identifier_id, prop_id) VALUES (80,40,5);